constituency,lat,lng,population,no_of_foodbanks,index_of_multiple_deprivation
Aldershot,51.2854,-0.777,105601,4,15
Aldridge-Brownhills,52.61431,-1.92815,77476,1,18.72
Altrincham and Sale West,53.39,-2.3657,101861,3,10.39
Amber Valley,53.03994,-1.4,90620,1,20.9
Arundel and South Downs,50.92779,-0.45467,101579,6,11.21
Ashfield,53.09306,-1.27201,107100,0,27
Ashford,51.12846,0.7914,123871,0,18.71
Ashton-under-Lyne,53.4978,-2.11639,92602,2,34.31
Aylesbury,51.73206,-0.79807,123732,11,12.03
Banbury,51.99107,-1.28629,124450,5,15.04
Barking,51.53679,0.11659,140733,1,33.59
Barnsley Central,53.57652,-1.48847,91272,5,30.65
Barnsley East,53.54267,-1.40775,95016,7,32.43
Barrow and Furness,54.19012,-3.16,86728,2,27.21
Basildon and Billericay,51.60361,0.43556,96192,0,21.91
Basingstoke,51.26648,-1.06589,114883,1,14.74
Bassetlaw,53.35492,-0.98859,107497,0,22.7
Bath,51.38024,-2.36673,97227,6,12.07
Batley and Spen,53.72325,-1.68454,111704,0,26.82
Battersea,51.4667,-0.16205,117649,2,16.53
Beaconsfield,51.56227,-0.618,102799,1,8.57
Beckenham,51.381,0.00551,93099,0,9.89
Bedford,52.1319,-0.46427,106761,7,23.21
Bermondsey and Old Southwark,51.49671,-0.07315,146406,3,25.85
Berwick-upon-Tweed,55.43295,-1.93117,75832,0,19.92
Bethnal Green and Bow,51.52671,-0.04786,150337,0,30.02
Beverley and Holderness,53.79553,-0.23072,100605,1,15.79
Bexhill and Battle,50.9432,0.42855,106127,2,17.17
Bexleyheath and Crayford,51.46304,0.16295,94574,1,17.04
Birkenhead,53.38544,-3.0411,90212,8,43.77
"Birmingham, Edgbaston",52.45252,-1.96551,105856,1,31.49
"Birmingham, Erdington",52.52501,-1.83745,104071,2,46.7
"Birmingham, Hall Green",52.44202,-1.87049,120133,3,39.13
"Birmingham, Hodge Hill",52.48917,-1.8136,129538,2,49.34
"Birmingham, Ladywood",52.48856,-1.89878,147715,4,45.46
"Birmingham, Northfield",52.40688,-1.96936,103918,0,39.08
"Birmingham, Perry Barr",52.52579,-1.91339,112444,0,37.5
"Birmingham, Selly Oak",52.42367,-1.90858,110024,1,30.77
"Birmingham, Yardley",52.46154,-1.80867,113280,3,40.52
Bishop Auckland,54.6003,-1.97511,89415,5,29.07
Blackburn,53.7439,-2.49714,109457,1,39.33
Blackley and Broughton,53.51602,-2.23352,122538,0,46.85
Blackpool North and Cleveleys,53.85814,-3.03262,83162,0,35.12
Blackpool South,53.7983,-3.03343,79455,0,48.36
Blaydon,54.93213,-1.71251,87978,2,20.94
Blyth Valley,55.092,-1.55142,84340,1,27.31
Bognor Regis and Littlehampton,50.80218,-0.63928,107223,3,21.5
Bolsover,53.20205,-1.30892,99175,2,24.59
Bolton North East,53.60382,-2.41523,98389,0,34.1
Bolton South East,53.55201,-2.41716,106388,2,36.84
Bolton West,53.57635,-2.51992,95976,0,21.59
Bootle,53.46909,-2.99996,99639,8,42.51
Boston and Skegness,53.03292,0.06156,107531,2,28.92
Bosworth,52.61504,-1.39552,105602,9,13.95
Bournemouth East,50.7379,-1.8285,107023,7,21.57
Bournemouth West,50.74538,-1.90016,105337,4,22.22
Bracknell,51.37786,-0.79956,111993,1,10.79
Bradford East,53.81352,-1.73057,119261,1,44.01
Bradford South,53.76492,-1.76526,105865,2,38.2
Bradford West,53.79987,-1.81554,118764,1,42.57
Braintree,51.97558,0.57817,100884,6,14.83
Brent Central,51.55153,-0.25214,149140,1,30.72
Brent North,51.56869,-0.29268,136270,1,20.49
Brentford and Isleworth,51.47938,-0.32218,135834,1,19.48
Brentwood and Ongar,51.67712,0.2656,96515,2,11.54
Bridgwater and West Somerset,51.13568,-3.32349,113714,1,23.61
Brigg and Goole,53.61495,-0.7238,88904,1,17.44
"Brighton, Kemptown",50.8199,-0.06,96557,1,27.13
"Brighton, Pavilion",50.85865,-0.13995,113318,0,17.3
Bristol East,51.45471,-2.53932,101133,2,26.21
Bristol North West,51.45562,-2.84672,106446,6,24.33
Bristol South,51.42354,-2.59794,113670,1,32.7
Bristol West,51.46214,-2.59027,142156,4,22.77
Broadland,52.74744,1.17932,99170,4,13.91
Bromley and Chislehurst,51.41054,0.05628,96043,5,16.58
Bromsgrove,52.36176,-2.01603,98662,1,11.7
Broxbourne,51.72065,-0.06806,102242,6,17.43
Broxtowe,52.96449,-1.25322,98046,4,12.63
Buckingham,51.8938,-0.89385,106292,1,8.92
Burnley,53.77893,-2.22194,88527,0,37.79
Burton,52.8975,-1.80874,107249,0,20.12
Bury North,53.61794,-2.31994,89808,0,23.71
Bury South,53.55615,-2.30481,100300,0,23.66
Bury St Edmunds,52.24772,0.89462,118041,0,13.46
Calder Valley,53.71788,-1.99222,104849,0,20.61
Camberwell and Peckham,51.47016,-0.07108,132209,3,28.63
Camborne and Redruth,50.18815,-5.23917,92978,0,26.51
Cambridge,52.20211,0.1311,116540,5,15.44
Cannock Chase,52.7124,-1.98021,100109,9,20.43
Canterbury,51.26812,1.08784,120042,0,15.48
Carlisle,54.86766,-2.95098,86496,0,23.01
Carshalton and Wallington,51.36141,-0.15506,102545,2,17.13
Castle Point,51.53642,0.59468,90070,0,16.84
Central Devon,50.73995,-3.77707,94135,2,16.26
Central Suffolk and North Ipswich,52.22157,1.22112,101907,3,14.65
Charnwood,52.69869,-1.1332,103006,1,10.64
Chatham and Aylesford,51.32979,0.48375,102240,1,24.8
Cheadle,53.37039,-2.18475,93826,1,11.48
Chelmsford,51.72491,0.48293,111377,5,12.53
Chelsea and Fulham,51.4793,-0.19051,109198,1,17.28
Cheltenham,51.8909,-2.07366,106333,2,14.54
Chesham and Amersham,51.68053,-0.62779,95927,5,6.95
Chesterfield,53.24838,-1.41696,94231,5,24.41
Chichester,50.9266,-0.77959,111299,3,13.93
Chingford and Woodford Green,51.61738,0.0043,94842,0,18.6
Chippenham,51.38724,-2.18184,99744,0,12.52
Chipping Barnet,51.63844,-0.1899,118779,1,14.02
Chorley,53.66309,-2.61152,103800,0,17.77
Christchurch,50.79022,-1.83047,86987,2,11.65
Cities of London and Westminster,51.50749,-0.13866,129893,1,16.96
City of Chester,53.19033,-2.90779,96899,5,18.04
City of Durham,54.76412,-1.566,102534,5,18.11
Clacton,51.83296,1.15929,90266,1,35.9
Cleethorpes,53.5979,-0.24518,94385,0,22.24
Colchester,51.88818,0.90007,123794,2,19.75
Colne Valley,53.5924,-1.85634,111919,0,19.37
Congleton,53.16144,-2.30517,96042,3,12.51
Copeland,54.47611,-3.3221,78440,2,23.44
Corby,52.47439,-0.54522,123010,3,20.03
Coventry North East,52.42673,-1.46762,127405,9,31.7
Coventry North West,52.4313,-1.55541,113468,5,22.39
Coventry South,52.39178,-1.52114,125912,6,22.28
Crawley,51.12548,-0.18203,112448,0,18.94
Crewe and Nantwich,53.06262,-2.42981,110828,1,19.57
Croydon Central,51.36674,-0.04982,121510,0,24.23
Croydon North,51.39925,-0.10321,146238,1,27.42
Croydon South,51.33073,-0.10276,117598,0,14.61
Dagenham and Rainham,51.53088,0.18316,112410,4,26.78
Darlington,54.53199,-1.55662,91872,0,27.86
Dartford,51.42152,0.26326,115749,0,18.27
Daventry,52.30758,-1.03166,101156,0,12.43
Denton and Reddish,53.45386,-2.12758,86935,1,28.07
Derby North,52.92181,-1.49079,102509,0,22.99
Derby South,52.8924,-1.46092,116163,0,34.64
Derbyshire Dales,53.11495,-1.67354,80340,0,11.84
Devizes,51.34747,-1.77723,103097,5,12.61
Dewsbury,53.62594,-1.66596,114113,0,25.07
Don Valley,53.50381,-1.05359,100577,1,26.7
Doncaster Central,53.53571,-1.0868,110733,1,30.66
Doncaster North,53.58587,-1.13881,99232,0,33.48
Dover,51.17896,1.28866,102530,8,23.07
Dudley North,52.52227,-2.1066,85362,0,29.93
Dudley South,52.49227,-2.13736,81386,0,25.39
Dulwich and West Norwood,51.44424,-0.09155,116392,1,23.77
Ealing Central and Acton,51.51518,-0.28291,122985,2,19.96
Ealing North,51.53755,-0.35079,120493,3,23.35
"Ealing, Southall",51.50713,-0.35913,98504,4,25.31
Easington,54.77632,-1.35569,82633,3,36.19
East Devon,50.71649,-3.34966,106349,2,11.64
East Ham,51.52386,0.05705,163730,4,28.57
East Hampshire,51.0914,-0.95173,99087,1,10.94
East Surrey,51.22485,-0.04837,112769,2,12.08
East Worthing and Shoreham,50.84246,-0.31658,99771,3,16.38
East Yorkshire,53.99259,-0.53232,101876,0,20.46
Eastbourne,50.7808,0.25936,110693,12,21.25
Eastleigh,50.92795,-1.3224,110311,0,11.48
Eddisbury,53.10743,-2.65611,90854,8,17.5
Edmonton,51.62892,-0.05309,120343,1,32.9
Ellesmere Port and Neston,53.27757,-2.92959,87522,6,21.35
Elmet and Rothwell,53.8352,-1.40184,100122,3,13.76
Eltham,51.4557,0.0549,94925,4,22.45
Enfield North,51.66862,-0.07935,110213,0,26.86
"Enfield, Southgate",51.6422,-0.12579,103313,0,16.32
Epping Forest,51.68157,0.06307,100618,4,14.87
Epsom and Ewell,51.33035,-0.26662,110540,3,8.19
Erewash,52.92168,-1.30853,97354,2,20.63
Erith and Thamesmead,51.49261,0.13239,121867,3,24.15
Esher and Walton,51.35691,-0.38073,114517,5,8.24
Exeter,50.72652,-3.51904,115643,2,17.03
Fareham,50.85735,-1.22733,102018,0,9.45
Faversham and Mid Kent,51.26268,0.72298,99649,1,19.06
Feltham and Heston,51.45873,-0.40559,134948,0,23.53
Filton and Bradley Stoke,51.5394,-2.59592,103575,2,11.22
Finchley and Golders Green,51.58793,-0.18995,132223,0,14.91
Folkestone and Hythe,51.06281,0.98535,117988,3,23.73
Forest of Dean,51.83715,-2.46841,90903,7,17.72
Fylde,53.78338,-2.91639,85748,3,15.8
Gainsborough,53.38906,-0.46892,97423,0,20.49
Garston and Halewood,53.3587,-2.85313,99596,7,35.48
Gateshead,54.94584,-1.59856,97516,1,35.41
Gedling,52.98453,-1.08762,95359,3,15.74
Gillingham and Rainham,51.37557,0.5932,102890,2,22.74
Gloucester,51.84721,-2.24176,119941,1,23.03
Gosport,50.81102,-1.17397,99604,0,18.43
Grantham and Stamford,52.81646,-0.48014,111477,3,14.41
Gravesham,51.40514,0.39501,106385,3,21.41
Great Grimsby,53.56173,-0.09523,88565,0,37.81
Great Yarmouth,52.64075,1.6613,99370,0,33.1
Greenwich and Woolwich,51.48539,0.03149,132604,4,24.85
Guildford,51.18927,-0.55626,115030,0,8.9
Hackney North and Stoke Newington,51.56222,-0.07234,142882,2,30.79
Hackney South and Shoreditch,51.54323,-0.05512,136783,3,34.39
Halesowen and Rowley Regis,52.46173,-2.05122,89529,0,23.8
Halifax,53.7387,-1.87389,105233,0,32.2
Haltemprice and Howden,53.77088,-0.69496,89782,0,8.75
Halton,53.34919,-2.74843,98031,10,31.79
Hammersmith,51.50509,-0.23033,118780,3,25.15
Hampstead and Kilburn,51.54746,-0.19186,148267,0,17.72
Harborough,52.52061,-1.01456,106503,1,10.73
Harlow,51.76631,0.11568,97148,3,20.42
Harrogate and Knaresborough,54.03031,-1.47679,103510,2,10.53
Harrow East,51.61085,-0.31722,108539,0,15.75
Harrow West,51.57856,-0.35308,109879,3,15.71
Hartlepool,54.66902,-1.25565,93242,1,35.04
Harwich and North Essex,51.89242,0.98794,96401,3,17.02
Hastings and Rye,50.92122,0.66443,111806,3,32.26
Havant,50.83231,-0.98542,96061,0,23.92
Hayes and Harlington,51.49486,-0.44368,127412,4,24.47
Hazel Grove,53.399,-2.07159,80218,4,18.76
Hemel Hempstead,51.78579,-0.47976,106711,5,15.84
Hemsworth,53.63619,-1.37302,99246,0,29
Hendon,51.60992,-0.24556,141138,1,19.2
Henley,51.6697,-1.07693,99597,0,8.35
Hereford and South Herefordshire,51.97568,-2.81073,101672,0,19.31
Hertford and Stortford,51.81485,0.04131,114426,2,7.93
Hertsmere,51.67728,-0.28107,104205,2,13.94
Hexham,55.05997,-2.24011,77334,0,12.5
Heywood and Middleton,53.59741,-2.21514,107269,0,30.39
High Peak,53.37307,-1.8739,92221,0,15.64
Hitchin and Harpenden,51.87058,-0.32134,104025,8,8.26
Holborn and St Pancras,51.54296,-0.14148,159344,3,23.64
Hornchurch and Upminster,51.57047,0.25085,111035,1,16.37
Hornsey and Wood Green,51.58976,-0.13073,128616,2,20.81
Horsham,51.06199,-0.295,113486,10,9.36
Houghton and Sunderland South,54.85174,-1.45037,87921,3,30.47
Hove,50.84798,-0.19741,103793,0,18.02
Huddersfield,53.65277,-1.75924,100991,1,29.77
Huntingdon,52.2836,-0.23228,120029,5,12.6
Hyndburn,53.7501,-2.37923,92808,0,33.26
Ilford North,51.59665,0.08769,110544,1,16.29
Ilford South,51.56485,0.0899,145537,3,20.22
Ipswich,52.0501,1.16618,113666,0,26.26
Isle of Wight,50.67576,-1.29657,141538,5,23.29
Islington North,51.55961,-0.11434,117709,0,28.38
Islington South and Finsbury,51.5375,-0.10621,121433,0,26.7
Jarrow,54.95547,-1.47766,83483,0,28.04
Keighley,53.87742,-1.92631,97486,0,25.79
Kenilworth and Southam,52.26336,-1.45689,84290,6,9.79
Kensington,51.50667,-0.19992,113645,1,23.02
Kettering,52.42616,-0.7655,101266,0,19.23
Kingston and Surbiton,51.37805,-0.29035,127292,6,12.55
Kingston upon Hull East,53.75958,-0.2924,90062,1,37.99
Kingston upon Hull North,53.78193,-0.35177,98400,1,39.13
Kingston upon Hull West and Hessle,53.73388,-0.39292,87308,2,40.13
Kingswood,51.45282,-2.47388,91691,2,12.95
Knowsley,53.44947,-2.85168,106630,24,46.27
Lancaster and Fleetwood,53.99479,-2.73827,91595,0,24.04
Leeds Central,53.77831,-1.53667,155749,7,41.75
Leeds East,53.80745,-1.45966,101144,3,42.59
Leeds North East,53.84892,-1.53611,92566,1,20.24
Leeds North West,53.87661,-1.63181,86170,1,15.97
Leeds West,53.79997,-1.61509,94444,5,37.87
Leicester East,52.64693,-1.08656,116608,0,27.3
Leicester South,52.61288,-1.12826,129396,8,29.12
Leicester West,52.64902,-1.16247,109214,0,36.77
Leigh,53.4914,-2.51339,105408,3,25.72
Lewes,50.86867,0.04554,93324,0,15.02
Lewisham East,51.44214,0.00151,110912,1,26.53
Lewisham West and Penge,51.42311,-0.04833,115741,0,23.99
"Lewisham, Deptford",51.46666,-0.03126,126489,3,26.64
Leyton and Wanstead,51.56849,0.01336,110744,0,22.32
Lichfield,52.75794,-1.83364,96439,2,12.04
Lincoln,53.21642,-0.56213,112662,8,24.49
"Liverpool, Riverside",53.39426,-2.96742,135228,3,37.05
"Liverpool, Walton",53.4463,-2.94843,92084,8,55.68
"Liverpool, Wavertree",53.39959,-2.91684,95353,3,38.08
"Liverpool, West Derby",53.43595,-2.90151,93177,5,45.13
Loughborough,52.77133,-1.17745,109106,2,14.51
Louth and Horncastle,53.29072,0.0076,100022,0,26.33
Ludlow,52.47985,-2.72097,86615,0,17.77
Luton North,51.90699,-0.45338,100602,0,23.53
Luton South,51.87067,-0.41228,119912,0,27.38
Macclesfield,53.26174,-2.11973,93375,0,13.18
Maidenhead,51.50019,-0.79234,106731,0,7.56
Maidstone and The Weald,51.16792,0.51548,109591,0,15.27
Makerfield,53.51688,-2.6312,100449,1,21.78
Maldon,51.68065,0.7121,91873,1,13.22
Manchester Central,53.48183,-2.20797,162656,2,42.27
"Manchester, Gorton",53.45183,-2.2033,119184,4,39.22
"Manchester, Withington",53.42715,-2.2431,99133,6,26.69
Mansfield,53.17073,-1.17277,108841,2,28.5
Meon Valley,50.95976,-1.13482,95119,0,11.12
Meriden,52.41164,-1.71133,112560,1,21.96
Mid Bedfordshire,52.02995,-0.48566,112185,0,9.21
Mid Derbyshire,52.96477,-1.42727,84333,0,10.41
Mid Dorset and North Poole,50.751,-2.08947,82985,2,10.64
Mid Norfolk,52.64921,0.9301,106983,4,16.73
Mid Sussex,51.02601,-0.11032,113534,2,7.71
Mid Worcestershire,52.18258,-2.05751,103431,1,16.4
Middlesbrough,54.55835,-1.23488,95925,6,45.46
Middlesbrough South and East Cleveland,54.53553,-1.01043,93890,4,27.32
Milton Keynes North,52.10823,-0.72901,132698,0,16.35
Milton Keynes South,52.01384,-0.74647,135909,0,19.57
Mitcham and Morden,51.40097,-0.17137,106412,3,20.08
Mole Valley,51.22266,-0.37285,97208,1,9.73
Morecambe and Lunesdale,54.11505,-2.75032,89470,2,28.19
Morley and Outwood,53.7278,-1.55346,99113,2,18.33
New Forest East,50.85135,-1.52181,93614,1,13.7
New Forest West,50.86676,-1.74374,86139,2,12.27
Newark,53.12609,-0.86648,104876,2,16.09
Newbury,51.45474,-1.34659,112045,5,10.55
Newcastle upon Tyne Central,54.98345,-1.64975,104633,3,35.96
Newcastle upon Tyne East,54.98386,-1.5747,102715,3,28.38
Newcastle upon Tyne North,55.02264,-1.68374,92848,1,24.42
Newcastle-under-Lyme,53.03189,-2.28557,94566,5,19.37
Newton Abbot,50.55056,-3.57477,91845,1,16.75
"Normanton, Pontefract and Castleford",53.69826,-1.33115,113546,2,30.3
North Cornwall,50.62609,-4.61217,93582,4,23.62
North Devon,51.06984,-3.91479,96110,4,20.56
North Dorset,50.90275,-2.16381,98617,3,13.84
North Durham,54.85974,-1.63243,88088,6,26.23
North East Bedfordshire,52.17368,-0.39689,116917,0,10.99
North East Cambridgeshire,52.53382,0.10324,119770,3,23.75
North East Derbyshire,53.24651,-1.45922,91877,3,17.68
North East Hampshire,51.27103,-0.99298,101362,2,6.19
North East Hertfordshire,51.93399,-0.05705,100791,3,12.01
North East Somerset,51.35381,-2.48485,94879,9,11.41
North Herefordshire,52.16709,-2.71262,90435,0,18.41
North Norfolk,52.8517,1.25735,87337,6,20.97
North Shropshire,52.86657,-2.77193,109995,4,18.14
North Somerset,51.42032,-2.74611,102194,6,8.72
North Swindon,51.616,-1.75089,112981,3,17.54
North Thanet,51.35129,1.24612,99200,0,26.81
North Tyneside,55.02192,-1.55065,105447,0,26.52
North Warwickshire,52.54486,1.627,93332,4,19.92
North West Cambridgeshire,52.46507,-0.24471,134261,2,17.79
North West Durham,54.7729,-1.95103,94481,4,23.61
North West Hampshire,51.26378,-1.37391,108687,12,11.86
North West Leicestershire,52.75315,1.40501,102126,5,14.57
North West Norfolk,52.82765,0.53112,97885,1,24.68
North Wiltshire,51.53262,-2.04411,94944,2,11.86
Northampton North,52.26455,-0.86976,87890,1,24.35
Northampton South,52.24373,-0.88686,101603,0,26.95
Norwich North,52.65322,1.31111,89565,3,21.41
Norwich South,52.62449,1.27507,104215,8,24.4
Nottingham East,52.96684,-1.13731,110461,2,36.33
Nottingham North,52.98926,-1.19751,100242,3,44.38
Nottingham South,52.93644,-1.184,120366,4,25.37
Nuneaton,52.52312,-1.51845,94330,5,23.94
Old Bexley and Sidcup,51.4377,0.11854,89474,1,11.81
Oldham East and Saddleworth,53.55732,-2.01892,106874,2,31.67
Oldham West and Royton,53.54426,-2.13547,108193,1,35.49
Orpington,51.34972,0.08005,92348,0,12.85
Oxford East,51.74628,-1.22348,122993,1,18.58
Oxford West and Abingdon,51.74655,-1.29924,110282,2,8.94
Pendle,53.8655,-2.18493,91405,0,30.72
Penistone and Stocksbridge,53.49798,-1.62321,89545,1,16.81
Penrith and The Border,54.72346,-2.68257,82633,5,16.95
Peterborough,52.61746,-0.16067,124103,5,31.41
"Plymouth, Moor View",50.41333,-4.14154,93697,1,30.1
"Plymouth, Sutton and Devonport",50.37998,-4.1409,114622,1,30.88
Poole,50.72064,-1.96895,98839,7,15.87
Poplar and Limehouse,51.50763,-0.02490628,167368,0,25.99
Portsmouth North,50.83047249,-1.077696787,99704,2,24.95
Portsmouth South,50.79495847,-1.08010107,115429,2,28.65
Preston,53.76930419,-2.691926504,96719,1,37.95
Pudsey,53.83984117,-1.69183829,91694,3,15.04
Putney,51.4526451,-0.224407412,99230,2,16.27
Rayleigh and Wickford,51.60721513,0.680166524,101666,1,9.84
Reading East,51.45848129,-0.948427892,116095,1,14.45
Reading West,51.45551576,-1.044123172,104145,0,19.1
Redcar,54.58982323,-1.1084,87448,9,32.46
Redditch,52.2424078,-1.98491337,90730,1,21.83
Reigate,51.25752893,-0.193349683,106612,2,11.42
Ribble Valley,53.89474808,-2.459589667,100348,2,12.27
Richmond (Yorks),54.36599856,-1.727653165,109158,1,12.03
Richmond Park,51.44769547,-0.278859575,126904,2,9.08
Rochdale,53.63279337,-2.109260768,112732,2,38.26
Rochester and Strood,51.44039072,0.566976938,113121,9,21.28
Rochford and Southend East,51.56992407,0.856282042,105895,3,27.75
Romford,51.59118644,0.180398678,105630,4,16.21
Romsey and Southampton North,51.07233392,-1.499447643,91558,6,13.32
Rossendale and Darwen,53.68217444,-2.3454868,98387,0,25.06
Rother Valley,53.37343915,-1.23959555,97018,1,22.75
Rotherham,53.43179404,-1.368495111,91889,1,38.52
Rugby,52.42389509,-1.334684905,103354,1,14.54
"Ruislip, Northwood and Pinner",51.59306243,-0.438209667,97690,2,10.69
Runnymede and Weybridge,51.38782978,-0.526052846,110109,6,10.86
Rushcliffe,52.87919725,-1.08221507,100046,0,7.16
Rutland and Melton,52.70620123,-0.792633996,104698,2,10.52
Saffron Walden,51.90359899,0.310292041,113603,4,10.1
Salford and Eccles,53.49927416,-2.312959,119854,3,33.97
Salisbury,51.09103594,-1.8142852,96983,10,13.6
Scarborough and Whitby,54.38647359,-0.6687128,97109,0,26.53
Scunthorpe,53.528752,-0.589092754,92198,4,26.67
Sedgefield,54.61209574,-1.50968403,84523,11,26.66
Sefton Central,53.52556282,-3.01777096,83401,3,14.28
Selby and Ainsty,53.84144816,-1.200019583,102725,2,12.4
Sevenoaks,51.31022699,0.181787101,97596,1,12.17
Sheffield Central,53.37626139,-1.47388594,133660,3,24.97
Sheffield South East,53.36395394,-1.38506439,94686,3,27.78
"Sheffield, Brightside and Hillsborough",53.41563168,-1.467119,112812,1,43.86
"Sheffield, Hallam",53.38193059,-1.589796,92196,1,7.63
"Sheffield, Heeley",53.34572573,-1.45716083,95132,1,31.86
Sherwood,53.11754802,-1.08085,101361,1,20.33
Shipley,53.8502328,-1.823105005,95797,2,18.77
Shrewsbury and Atcham,52.66923682,-2.780189,107635,0,16.32
Sittingbourne and Sheppey,51.3677916,0.776536017,119331,5,28.45
Skipton and Ripon,54.08780489,-1.95758316,100236,0,12.41
Sleaford and North Hykeham,53.05955562,-0.486650114,118604,0,11.96
Slough,51.51340001,-0.6008053,142556,4,22.85
Solihull,52.41972641,-1.7971,102349,0,12.29
Somerton and Frome,51.10176227,-2.5546865,107727,0,15.92
South Basildon and East Thurrock,51.52797047,0.437650868,101390,5,24.31
South Cambridgeshire,52.1642019,0.012226746,116766,1,8.05
South Derbyshire,52.83104022,-1.55953402,104493,1,14.49
South Dorset,50.65466946,-2.19265349,93732,0,22.22
South East Cambridgeshire,52.26350241,0.288532907,121054,4,10.14
South East Cornwall,50.43701925,-4.44813888,90314,4,21.54
South Holland and The Deepings,52.79355424,-0.040876557,108114,1,16.8
South Leicestershire,52.51464361,-1.197706,106924,2,9.96
South Norfolk,52.50498804,1.306301955,109795,8,13.76
South Northamptonshire,52.11937409,-1.04138413,118875,1,8.43
South Ribble,53.690868,-2.84205032,99551,0,14.14
South Shields,54.97369609,-1.40866009,83796,1,33.55
South Staffordshire,52.57914304,-2.180564604,97406,0,13.14
South Suffolk,52.05663502,0.888523919,95518,0,14.24
South Swindon,51.53331212,-1.737726912,109015,3,19.76
South Thanet,51.29793908,1.318704994,101569,2,28.72
South West Bedfordshire,51.89591437,-0.577073,112961,4,15.76
South West Devon,50.38241914,-3.97363006,90019,1,11.32
South West Hertfordshire,51.72513103,-0.553051,110640,8,8.24
South West Norfolk,52.55363256,0.580629709,109360,5,22.03
South West Surrey,51.15235229,0.6837126,106770,2,7.52
South West Wiltshire,51.14964799,-2.134993,103296,0,16.51
"Southampton, Itchen",50.90403382,-1.3701943,110362,0,27.24
"Southampton, Test",50.92311743,-1.429921594,112676,0,27.93
Southend West,51.55046628,0.663092729,92792,3,15.9
Southport,53.64967621,-3.017163,92356,2,22.03
Spelthorne,51.42480788,-0.468002,99334,1,14.94
St Albans,51.73213548,-0.338053796,103181,4,9.54
St Austell and Newquay,50.37208704,-4.87277,107530,7,23.95
St Helens North,53.47943668,-2.71610496,99320,2,30.43
St Helens South and Whiston,53.42346977,-2.744491,103046,3,33.77
St Ives,50.09705781,-5.4404494,87315,3,24.18
Stafford,52.76897169,-2.12859,98827,1,14.37
Staffordshire Moorlands,53.09467154,-1.982019,78744,3,15.28
Stalybridge and Hyde,53.47686282,-2.0324587,94678,5,30.02
Stevenage,51.88175312,-0.19414288,98203,0,18.41
Stockport,53.41082157,-2.1674769,89269,1,30.4
Stockton North,54.59258094,-1.3233322,92832,4,32.89
Stockton South,54.51837906,-1.33728756,104381,0,19.43
Stoke-on-Trent Central,53.01693436,-2.16414323,86669,6,36.19
Stoke-on-Trent North,53.06593478,-2.2042803,99615,4,33.69
Stoke-on-Trent South,52.97950535,-2.144582831,89881,6,30.95
Stone,52.88924383,-2.2096756,86018,2,12.58
Stourbridge,52.45543828,-2.12903749,90444,0,20.51
Stratford-on-Avon,52.16832782,-1.71288047,93810,3,11.94
Streatham,51.43877101,-0.149693461,124358,3,22.69
Stretford and Urmston,53.4463446,-2.35249377,101246,2,23.12
Stroud,51.74432398,-2.299019338,105686,15,11.2
Suffolk Coastal,52.19200646,1.477051727,103243,0,15.99
Sunderland Central,54.90321725,-1.387708272,101695,6,30.67
Surrey Heath,51.33186386,-0.6764916,109011,0,8.85
Sutton and Cheam,51.36303213,-0.20886033,101980,2,10.82
Sutton Coldfield,52.56174,-1.813233673,94395,0,13.49
Tamworth,52.64645681,-1.74132147,95529,2,19.53
Tatton,53.29773007,-2.391719142,85968,1,11.18
Taunton Deane,51.0105133,-3.157227638,118979,4,17.64
Telford,52.66474575,-2.454896133,97503,0,29.76
Tewkesbury,51.94843346,-2.06022173,108340,3,11.59
The Cotswolds,51.80654243,-1.917394701,102355,8,10.6
The Wrekin,52.72050286,-2.44476676,96325,0,18.17
Thirsk and Malton,54.1982438,-0.935385779,101767,3,15.39
Thornbury and Yate,51.5588756,-2.439653606,87378,4,10.79
Thurrock,51.49038553,0.306350671,129896,8,22.75
Tiverton and Honiton,50.86070472,-3.262760732,103139,0,15.5
Tonbridge and Malling,51.23379252,0.259409305,106769,0,12.84
Tooting,51.43677734,-0.16549652,109595,1,17
Torbay,50.45017025,-3.52036909,100345,0,29.44
Torridge and West Devon,50.76419369,-4.18348107,101844,5,21.22
Totnes,50.3702287,-3.72455626,86418,0,19.4
Tottenham,51.5911319,-0.078367299,142008,5,34.58
Truro and Falmouth,50.27649325,-5.04679492,96491,4,18.46
Tunbridge Wells,51.12017239,0.386009866,107957,0,11.1
Twickenham,51.42927722,-0.34473754,118178,2,9.31
Tynemouth,55.03508793,-1.479230966,100538,0,17.72
Uxbridge and South Ruislip,51.54402182,-0.441924479,111453,3,15.6
Vauxhall,51.47955301,-0.12112666,123808,4,26.81
Wakefield,53.65122886,-1.548682874,100438,0,26.18
Wallasey,53.41964371,-3.079180447,90194,6,35.11
Walsall North,52.60575945,-2.0170985,100050,1,39.62
Walsall South,52.57389911,-1.975894,105852,0,33.62
Walthamstow,51.58509575,-0.027798041,118891,0,27.14
Wansbeck,55.16953931,-1.634478,82768,0,27.66
Wantage,51.61506747,-1.42229259,120402,0,8.85
Warley,52.48678586,-1.98771794,98834,3,34.67
Warrington North,53.42688905,-2.55135081,96930,5,23.65
Warrington South,53.37056142,-2.5759519,112617,2,14.91
Warwick and Leamington,52.26866333,-1.5824024,101894,6,13.36
Washington and Sunderland West,54.90806215,-1.50009,87801,2,30.61
Watford,51.67261262,0.40723916,122561,6,14.43
Waveney,52.44262113,1.572060528,105282,11,26.78
Wealden,51.01197016,0.16766533,109367,4,12.34
Weaver Vale,53.27663006,-2.6527118,90205,8,21.48
Wellingborough,52.29074215,-0.66927,113822,0,20.26
Wells,51.23212724,-2.747736017,107468,4,17.03
Welwyn Hatfield,51.77518033,-0.2018172,117380,1,14.55
Wentworth and Dearne,53.48337889,-1.33590608,99150,0,31.02
West Bromwich East,52.53590417,-1.977526027,93802,1,34.71
West Bromwich West,52.52906082,-2.036434,96226,0,36.47
West Dorset,50.78973756,-2.589311091,98748,0,15.78
West Ham,51.53051103,0.014220894,188275,3,30.49
West Lancashire,53.57328906,-2.866837289,97655,2,19.88
West Suffolk,52.29429613,0.597829482,120899,1,17.34
West Worcestershire,52.16075538,-2.29398122,96281,4,15.62
Westminster North,51.52665292,-0.180584823,134137,0,23.19
Westmorland and Lonsdale,54.30547163,-2.798979392,84941,2,12.19
Weston-super-Mare,51.34357273,-2.881036327,111725,4,22.43
Wigan,53.56677183,-2.643336331,104850,0,27.91
Wimbledon,51.41691732,-0.2173394,99774,2,8.68
Winchester,51.09191674,-1.2897323,102030,0,8.04
Windsor,51.44192464,-0.65476394,106412,0,8.44
Wirral South,53.32864675,-3.029425106,73195,2,17.04
Wirral West,53.37970218,-3.16733971,69634,0,17.48
Witham,51.80772228,0.71422759,92372,1,13.31
Witney,51.83766193,-1.5068619,109800,1,8.68
Woking,51.30068636,-0.6001282,108034,4,10.73
Wokingham,51.40396411,-0.9909469,111426,2,6.13
Wolverhampton North East,52.61117956,-2.10612,91732,1,33.75
Wolverhampton South East,52.56463483,-2.09427479,94358,0,36.69
Wolverhampton South West,52.58557731,-2.1605166,88339,0,25.06
Worcester,52.19669575,-2.211321,101891,1,20.41
Workington,54.77895842,-3.28761969,79650,3,24.7
Worsley and Eccles South,53.48280487,-2.410727699,103706,2,32.03
Worthing West,50.81981833,-0.43530707,99512,1,16.9
Wycombe,51.60796406,-0.82485413,111309,0,13.03
Wyre and Preston North,53.85616167,-2.778943534,90213,0,11.51
Wyre Forest,52.37957285,-2.274646,101062,1,22.44
Wythenshawe and Sale East,53.39251154,-2.2814823,108227,6,34.85
Yeovil,50.91925565,-2.817401,111511,0,18.39
York Central,53.95671246,-1.09226035,113152,4,15.82
York Outer,53.95893682,-1.058548,96741,1,7.01