constituency,lat,lng,population,random
Aberavon,51.6,-3.812,68649,3653
Aberconwy,53.302,-3.805,59207,3481
Aberdeen North,57.176,-2.135,101461,758
Aberdeen South,57.095,-2.133,94831,1950
Airdrie and Shotts,55.845,-3.892,86736,2599
Aldershot,51.274,-0.756,105601,1730
Aldridge-Brownhills,52.61,-1.93,77476,581
Altrincham and Sale West,53.39,-2.35,101861,5469
Alyn and Deeside,53.208,-3.117,85746,9900
Amber Valley,53.03,-1.4,90620,1788
Angus,56.797,-2.921,85876,2784
Arfon,53.083,-4.042,62757,9450
Argyll and Bute,55.933,-5.349,86260,3236
Arundel and South Downs,51.856,-0.559,101579,2085
Ashfield,53.12,-1.27,107100,6027
Ashford,51.1,0.8,123871,2998
Ashton-under-Lyne,53.48,-2.1,92602,5263
Aylesbury,51.816,-0.817,123732,4307
"Ayr, Carrick and Cumnock",55.301,-4.618,91799,5501
Banbury,51.96,-1.3,124450,3914
Banff and Buchan,57.472,-2.451,91787,9406
Barking,51.53,0.11,140733,143
Barnsley Central,53.554,-1.48,91272,9898
Barnsley East,53.539,-1.413,95016,5247
Barrow and Furness,54.112,-3.178,86728,5723
Basildon and Billericay,51.6,0.44,96192,7582
Basingstoke,51.262,-1.084,114883,6481
Bassetlaw,53.4,-0.95,107497,4799
Bath,51.3809,-2.3603,97227,4088
Batley and Spen,53.717,-1.635,111704,8521
Battersea,51.4636,-0.16572,117649,9371
Beaconsfield,51.61,-0.645,102799,6924
Beckenham,51.389,-0.02,93099,1355
Bedford,52.126,-0.4649,106761,7469
Belfast East,54.6,-5.864722,96321,5318
Belfast North,54.663,-5.965,105432,1736
Belfast South,54.564722,-5.937778,116529,213
Belfast West,54.586389,-6.001667,94696,7419
Bermondsey and Old Southwark,51.49,-0.07,146406,6477
Berwick-upon-Tweed,55.55,-1.916667,75832,1689
"Berwickshire, Roxburgh and Selkirk",55.776,-2.411,94825,3270
Bethnal Green and Bow,51.5277,-0.0465,150337,7672
Beverley and Holderness,53.8,-0.156,100605,977
Bexhill and Battle,50.886,0.47,106127,9287
Bexleyheath and Crayford,50.941,0.455,94574,6455
Birkenhead,53.387,-3.0319,90212,6222
"Birmingham, Edgbaston",52.45,-1.9,105856,6983
"Birmingham, Erdington",52.51,-1.87,104071,9798
"Birmingham, Hall Green",52.43,-1.84,120133,874
"Birmingham, Hodge Hill",52.5,-1.82,129538,7373
"Birmingham, Ladywood",52.49,-1.87,147715,4965
"Birmingham, Northfield",52.4,-1.98,103918,6568
"Birmingham, Perry Barr",52.5249,-1.9042,112444,6693
"Birmingham, Selly Oak",52.43,-1.94,110024,4205
"Birmingham, Yardley",52.46,-1.82,113280,7671
Bishop Auckland,54.657,-1.677,89415,8929
Blackburn,53.747,-2.5017,109457,6200
Blackley and Broughton,53.51,-2.202,122538,8737
Blackpool North and Cleveleys,53.863,-2.914,83162,2520
Blackpool South,53.767,-2.914,79455,1920
Blaenau Gwent,51.777,-3.195,69713,597
Blaydon,54.95,-1.716667,87978,1530
Blyth Valley,55.127,-1.523,84340,313
Bognor Regis and Littlehampton,50.799,-0.599,107223,5872
Bolsover,53.23,-1.3,99175,8412
Bolton North East,53.608,-2.4183,98389,4617
Bolton South East,53.553,-2.4139,106388,9106
Bolton West,53.571,-2.538,95976,8185
Bootle,53.446,-2.989,99639,3357
Boston and Skegness,53.038,0.0556,107531,5603
Bosworth,52.6,-1.4,105602,6161
Bournemouth East,50.725,-1.803,107023,361
Bournemouth West,50.717,-1.913,105337,261
Bracknell,51.42,-0.75,111993,3165
Bradford East,53.816,-1.737,119261,241
Bradford South,53.7598,-1.757,105865,6791
Bradford West,53.8007,-1.819,118764,8151
Braintree,51.9,0.55,100884,5973
Brecon and Radnorshire,52.094,-3.382,69150,3292
Brent Central,51.553,-0.249,149140,3522
Brent North,51.566,-0.2919,136270,9771
Brentford and Isleworth,51.476,-0.3224,135834,6611
Brentwood and Ongar,51.677,0.2586,96515,6159
Bridgend,51.5037,-3.639,84135,3500
Bridgwater and West Somerset,51.1273,-3.3126,113714,6071
Brigg and Goole,53.5934,-0.7247,88904,4821
"Brighton, Kemptown",50.8227,-0.0529,96557,6468
"Brighton, Pavilion",50.855,-0.1363,113318,3856
Bristol East,51.45207,-2.54193,101133,519
Bristol North West,51.44302,-2.826,106446,4394
Bristol South,51.42384,-2.5992,113670,4764
Bristol West,51.46301,-2.60827,142156,9782
Broadland,52.72,1.16,99170,3846
Bromley and Chislehurst,51.3984,0.045,96043,3880
Bromsgrove,52.36167,-2.00663,98662,3062
Broxbourne,51.727778,-0.066667,102242,8311
Broxtowe,52.9,-1.25,98046,6937
Buckingham,51.89512,-0.8391,106292,568
Burnley,53.787,-2.245,88527,748
Burton,52.87,-1.83,107249,1177
Bury North,53.607,-2.299,89808,6739
Bury South,53.58,-2.299,100300,6944
Bury St Edmunds,52.242,0.869,118041,5723
Caerphilly,51.579,-3.218,88262,1922
"Caithness, Sutherland and Easter Ross",58.277,-3.779,60554,3285
Calder Valley,53.705,-1.937,104849,228
Camberwell and Peckham,51.475,-0.07,132209,2997
Camborne and Redruth,50.18,-5.22,92978,1964
Cambridge,52.203,0.131,116540,3481
Cannock Chase,52.70692,-1.9827,100109,8378
Canterbury,51.275,1.0833,120042,6835
Cardiff Central,51.5042,-3.164,93898,3294
Cardiff North,51.517,-3.203,90220,6141
Cardiff South and Penarth,51.469,-3.127,116462,579
Cardiff West,51.486,-3.214,93481,7517
Carlisle,54.879,-2.937,86496,5895
Carmarthen East and Dinefwr,51.93475,-4.1034,72469,4299
Carmarthen West and South Pembrokeshire,51.78853,-4.69703,77840,5757
Carshalton and Wallington,51.35746,-0.1586,102545,6426
Castle Point,51.5445,0.6099,90070,2875
Central Ayrshire,55.559,-4.569,87329,7496
Central Devon,50.6925,-3.8059,94135,1820
Central Suffolk and North Ipswich,52.22259,1.20795,101907,3667
Ceredigion,52.29459,-4.1777,72992,4096
Charnwood,52.69524,-1.1167,103006,4583
Chatham and Aylesford,51.3268,0.479,102240,2290
Cheadle,53.36724,-2.1821,93826,6904
Chelmsford,51.728,0.4837,111377,1337
Chelsea and Fulham,51.49236,-0.1897,109198,9976
Cheltenham,51.88891,-2.0766,106333,7911
Chesham and Amersham,51.67893,-0.6336,95927,2360
Chesterfield,53.24809,-1.40169,94231,2623
Chichester,50.9081,-0.71661,111299,4762
Chingford and Woodford Green,51.6164,0.0026,94842,4054
Chippenham,51.4003,-2.2037,99744,5085
Chipping Barnet,51.6338,-0.1987,118779,3886
Chorley,53.672,-2.6254,103800,761
Christchurch,50.79259,-1.8193,86987,6851
Cities of London and Westminster,51.50477,-0.13033,129893,6735
City of Chester,53.19059,-2.9117,96899,8726
City of Durham,54.7675,-1.57949,102534,4196
Clacton,51.833,1.15161,90266,984
Cleethorpes,53.57521,-0.2327,94385,1561
Clwyd South,52.97674,-3.1078,72523,7607
Clwyd West,53.14446,-3.4516,73539,8926
"Coatbridge, Chryston and Bellshill",55.8801,-4.09353,94803,5510
Colchester,51.8868,0.90092,123794,7698
Colne Valley,53.59658,-1.8568,111919,4385
Congleton,53.16581,-2.3008,96042,9631
Copeland,54.4475,-3.32405,78440,7626
Corby,52.47421,-0.57477,123010,5604
Coventry North East,52.426,-1.46825,127405,7648
Coventry North West,52.4327,-1.5557,113468,5167
Coventry South,52.3926,-1.519,125912,3655
Crawley,51.126,-0.19426,112448,3940
Crewe and Nantwich,53.0561,-2.4285,110828,3054
Croydon Central,51.36517,-0.0518,121510,2223
Croydon North,51.3969,-0.09874,146238,2775
Croydon South,52.3926,-1.519,117598,1465
"Cumbernauld, Kilsyth and Kirkintilloch East",55.9743,-4.0799,87869,8408
Cynon Valley,51.7194,-3.446,71043,9378
Dagenham and Rainham,51.5417,0.18567,112410,4510
Darlington,54.5331,-1.5558,91872,3991
Dartford,51.40571,0.2469,115749,2335
Daventry,52.3103,-1.0033,101156,3572
Delyn,53.23587,-3.2259,69847,3838
Denton and Reddish,53.4508,-2.1249,86935,4338
Derby North,52.92151,-1.4865,102509,9303
Derby South,52.89409,-1.4629,116163,7050
Derbyshire Dales,53.1303,-1.6883,80340,1432
Devizes,51.3522,-1.80553,103097,866
Dewsbury,53.631,-1.68068,114113,6687
Don Valley,53.5173,-1.0942,100577,5969
Doncaster Central,53.5475,-1.084,110733,6357
Doncaster North,53.5743,-1.107,99232,305
Dover,51.1773,1.27448,102530,3297
Dudley North,52.52502,-2.10474,85362,3309
Dudley South,52.49245,-2.1281,81386,2233
Dulwich and West Norwood,51.4459,-0.0901,116392,3051
Dumfries and Galloway,54.978,-4.3465,95409,5681
"Dumfriesshire, Clydesdale and Tweeddale",55.36289,-3.48991,86345,4740
Dundee East,56.51887,-2.8326,89972,1116
Dundee West,56.5025,-3.0842,88942,3562
Dunfermline and West Fife,56.0828,-3.52958,101594,1303
Dwyfor Meirionnydd,52.812,-4.1205,61421,1113
Ealing Central and Acton,51.5163,-0.28713,122985,3282
Ealing North,51.53535,-0.3611,120493,5417
"Ealing, Southall",51.51061,-0.3522,98504,6498
Easington,54.7751,-1.3556,82633,3287
East Antrim,54.719,-6.207,90460,6756
East Devon,50.70933,-3.3383,106349,3863
East Dunbartonshire,55.93857,-4.2588,84049,5317
East Ham,51.53002,0.05504,163730,5022
East Hampshire,51.07773,-0.93822,99087,9031
"East Kilbride, Strathaven and Lesmahagow",55.678,-4.01875,102934,8403
East Londonderry,54.946,-6.953,102093,1875
East Lothian,55.94833,-2.72629,105790,5158
East Renfrewshire,55.74947,-4.3848,95170,5042
East Surrey,51.23773,-0.06702,112769,1270
East Worthing and Shoreham,50.84223,-0.31037,99771,8746
East Yorkshire,53.98696,-0.51209,101876,7098
Eastbourne,50.77564,0.27009,110693,4884
Eastleigh,50.92022,-1.32547,110311,6767
Eddisbury,53.1114,-2.6593,90854,8116
Edinburgh East,55.94279,-3.14104,107182,3957
Edinburgh North and Leith,55.9693,-3.2,113482,2314
Edinburgh South,55.91401,-3.1585,91318,685
Edinburgh South West,55.8845,-3.31179,106047,8862
Edinburgh West,55.95312,-3.3323,100471,2919
Edmonton,51.6287,-0.0545,120343,9732
Ellesmere Port and Neston,53.26338,-2.95452,87522,302
Elmet and Rothwell,53.8326,-1.4255,100122,9875
Eltham,51.4523,0.05391,94925,1803
Enfield North,51.66715,-0.08622,110213,2690
"Enfield, Southgate",51.64698,-0.1304,103313,6170
Epping Forest,51.6836,0.06868,100618,3561
Epsom and Ewell,51.3354,-0.26623,110540,5137
Erewash,52.938,-1.3046,97354,4348
Erith and Thamesmead,51.4927,0.1339,121867,5661
Esher and Walton,51.3534,-0.3768,114517,726
Exeter,50.72486,-3.51533,115643,6059
Falkirk,56.0339,-3.8425,111860,5440
Fareham,50.85701,-1.21258,102018,3315
Faversham and Mid Kent,51.25,0.7547,99649,8846
Feltham and Heston,51.4605,-0.40715,134948,8245
Fermanagh and South Tyrone,54.542,-7.309,109281,7839
Filton and Bradley Stoke,51.53581,-2.5986,103575,6353
Finchley and Golders Green,51.5895,-0.1942,132223,146
Folkestone and Hythe,51.0577,0.999,117988,5121
Forest of Dean,51.8089,-2.4311,90903,2256
Foyle,55.026,-7.396,103754,6454
Fylde,53.79329,-2.91211,85748,9224
Gainsborough,53.39762,-0.47625,97423,9418
Garston and Halewood,53.3586,-2.8544,99596,2137
Gateshead,54.9438,-1.6111,97516,2568
Gedling,52.98814,-1.0873,95359,8822
Gillingham and Rainham,51.3729,0.59129,102890,7969
Glasgow Central,55.8478,-4.25755,103461,4645
Glasgow East,55.85562,-4.14756,94547,4174
Glasgow North,55.89849,-4.29154,78488,7347
Glasgow North East,55.88747,-4.2149,86655,2785
Glasgow North West,55.89294,-4.34828,87964,5182
Glasgow South,55.81282,-4.27124,88624,9270
Glasgow South West,55.83331,-4.3391,87784,5893
Glenrothes,56.17746,-3.1539,87931,5800
Gloucester,51.84542,-2.2393,119941,6309
Gordon,57.35545,-2.44936,103910,9288
Gosport,50.80953,-1.17767,99604,4594
Gower,51.65459,-4.0883,79504,1343
Grantham and Stamford,52.8,-0.51669,111477,7320
Gravesham,51.3971,0.40093,106385,9120
Great Grimsby,53.55956,-0.09541,88565,8122
Great Yarmouth,52.6343,1.64523,99370,9252
Greenwich and Woolwich,51.4854,0.03243,132604,6870
Guildford,51.1841,-0.58078,115030,5277
Hackney North and Stoke Newington,51.56,-0.0742,142882,6486
Hackney South and Shoreditch,51.5408,-0.05676,136783,2924
Halesowen and Rowley Regis,52.46419,-2.0543,89529,5368
Halifax,53.73998,-1.8716,105233,9455
Haltemprice and Howden,53.77873,-0.6663,89782,3216
Halton,53.3543,-2.75355,98031,1306
Hammersmith,51.507,-0.22575,118780,8039
Hampstead and Kilburn,51.54938,-0.1955,148267,7508
Harborough,52.51764,-1.0117,106503,8608
Harlow,51.7679,0.1134,97148,6506
Harrogate and Knaresborough,54.02687,-1.4606,103510,4955
Harrow East,51.6113,-0.31766,108539,1351
Harrow West,51.58013,-0.3515,109879,7690
Hartlepool,54.67443,-1.2656,93242,445
Harwich and North Essex,51.8714,0.99806,96401,8796
Hastings and Rye,50.92096,0.68426,111806,6020
Havant,50.83328,-0.99067,96061,4949
Hayes and Harlington,51.49781,-0.4431,127412,4840
Hazel Grove,53.39926,-2.06587,80218,123
Hemel Hempstead,51.77562,-0.49422,106711,9591
Hemsworth,53.64179,-1.3759,99246,7411
Hendon,51.60566,-0.25037,141138,6005
Henley,51.68234,-1.10573,99597,6472
Hereford and South Herefordshire,51.97376,-2.7826,101672,1618
Hertford and Stortford,51.81491,0.03888,114426,3708
Hertsmere,51.68082,-0.2749,104205,4978
Hexham,55.07515,-2.15564,77334,9559
Heywood and Middleton,53.59991,-2.21676,107269,3834
High Peak,53.36756,-1.84396,92221,8293
Hitchin and Harpenden,51.86572,-0.2979,104025,942
Holborn and St Pancras,51.54281,-0.13937,159344,8779
Hornchurch and Upminster,51.5747,0.26351,111035,7633
Hornsey and Wood Green,51.58837,-0.13124,128616,3429
Horsham,51.04192,-0.28469,113486,8526
Houghton and Sunderland South,54.85143,-1.43963,87921,9331
Hove,50.84981,-0.19622,103793,2305
Huddersfield,53.65222,-1.75848,100991,3253
Huntingdon,52.27892,-0.25629,120029,5029
Hyndburn,53.74829,-2.3844,92808,6615
Ilford North,51.59857,0.08747,110544,9112
Ilford South,51.56305,0.08679,145537,8921
Inverclyde,55.90506,-4.74807,78150,8697
"Inverness, Nairn, Badenoch and Strathspey",57.20358,-4.24055,105605,7786
Ipswich,52.0507,1.16543,113666,1776
Isle of Wight,50.67108,-1.3273,141538,1770
Islington North,51.56079,-0.10943,117709,2597
Islington South and Finsbury,51.53818,-0.10637,121433,2145
Islwyn,51.67074,-3.14943,76614,4844
Jarrow,54.95822,-1.47084,83483,5238
Keighley,53.87372,-1.9194,97486,6617
Kenilworth and Southam,52.24172,-1.4947,84290,7306
Kensington,51.50872,-0.19237,113645,3999
Kettering,52.4377,-0.76001,101266,7413
Kilmarnock and Loudoun,55.59432,-4.29782,96897,9603
Kingston and Surbiton,51.36991,-0.28474,127292,9812
Kingston upon Hull East,53.76066,-0.29547,90062,1034
Kingston upon Hull North,53.7796,-0.34647,98400,2778
Kingston upon Hull West and Hessle,53.73679,-0.3978,87308,7845
Kingswood,51.4631,-2.47099,91691,8872
Kirkcaldy and Cowdenbeath,56.09867,-3.27686,99065,6899
Knowsley,53.44944,-2.85763,106630,2498
Lagan Valley,54.509,-6.047,110296,8239
Lanark and Hamilton East,55.73557,-3.81953,98038,1461
Lancaster and Fleetwood,54.00519,-2.7667,91595,4889
Leeds Central,53.77762,-1.5299,155749,5499
Leeds East,53.80931,-1.46302,101144,1012
Leeds North East,53.84923,-1.53097,92566,4261
Leeds North West,53.86333,-1.64245,86170,9183
Leeds West,53.80187,-1.6163,94444,8278
Leicester East,52.64331,-1.0882,116608,8887
Leicester South,52.61267,-1.13112,129396,5205
Leicester West,52.64965,-1.17048,109214,3964
Leigh,53.48789,-2.51568,105408,2350
Lewes,50.86976,0.06897,93324,5551
Lewisham East,51.4441,0.00236,110912,7992
Lewisham West and Penge,51.42402,-0.04437,115741,1339
"Lewisham, Deptford",51.46778,-0.02439,126489,429
Leyton and Wanstead,51.5722,0.01126,110744,1211
Lichfield,52.76461,-1.82019,96439,1482
Lincoln,53.20494,-0.57245,112662,7612
Linlithgow and East Falkirk,55.9387,-3.6606,119251,5758
"Liverpool, Riverside",53.3963,-2.9635,135228,2397
"Liverpool, Walton",53.44298,-2.9371,92084,3315
"Liverpool, Wavertree",53.39598,-2.91863,95353,8257
"Liverpool, West Derby",53.43465,-2.90822,93177,4326
Livingston,55.87202,-3.56555,111369,1741
Llanelli,51.72343,-4.21891,83136,7672
Loughborough,52.7724,-1.1856,109106,8404
Louth and Horncastle,53.28197,0.02384,100022,9180
Ludlow,52.48594,-2.74598,86615,7652
Luton North,51.9079,-0.45674,100602,958
Luton South,51.87257,-0.4211,119912,818
Macclesfield,53.27122,-2.14243,93375,2678
Maidenhead,51.49553,-0.7919,106731,1376
Maidstone and The Weald,51.16713,0.5124,109591,7305
Makerfield,53.52102,-2.63044,100449,6897
Maldon,51.68625,0.67945,91873,5849
Manchester Central,53.486,-2.20903,162656,5161
"Manchester, Gorton",53.45243,-2.20996,119184,8406
"Manchester, Withington",53.42573,-2.24579,99133,5377
Mansfield,53.1752,-1.17742,108841,4409
Meon Valley,50.97654,-1.11099,95119,6679
Meriden,52.43111,-1.73244,112560,7164
Merthyr Tydfil and Rhymney,51.73989,-3.33409,76326,8282
Mid Bedfordshire,52.027,-0.383,112185,8877
Mid Derbyshire,52.9717,-1.4234,84333,6641
Mid Dorset and North Poole,50.751,-2.0932,82985,5626
Mid Norfolk,52.63724,0.91637,106983,8418
Mid Sussex,51.02649,-0.10226,113534,4054
Mid Ulster,54.722,-6.941,104915,4687
Mid Worcestershire,52.18399,-2.01673,103431,2640
Middlesbrough,54.55953,-1.22605,95925,1469
Middlesbrough South and East Cleveland,54.53966,-1.03641,93890,8707
Midlothian,55.82118,-3.10765,91340,5108
Milton Keynes North,52.10751,-0.73958,132698,334
Milton Keynes South,52.01679,-0.756,135909,384
Mitcham and Morden,51.40224,-0.1795,106412,1201
Mole Valley,51.21832,-0.36284,97208,274
Monmouth,51.77355,-2.90361,86212,4191
Montgomeryshire,52.62978,-3.44522,63297,8823
Moray,57.39955,-3.20729,95520,400
Morecambe and Lunesdale,54.10623,-2.71812,89470,3582
Morley and Outwood,53.72411,-1.55495,99113,8222
Motherwell and Wishaw,55.7821,-3.96085,93940,9572
Na h-Eileanan an Iar,57.95628,-7.23019,26830,3417
Neath,51.7191,-3.75758,74257,8782
New Forest East,50.8561,-1.49885,93614,6852
New Forest West,50.85772,-1.73558,86139,5584
Newark,53.11235,-0.86573,104876,889
Newbury,51.44634,-1.34327,112045,3411
Newcastle upon Tyne Central,54.98665,-1.6521,104633,2052
Newcastle upon Tyne East,54.98445,-1.5728,102715,8470
Newcastle upon Tyne North,55.02316,-1.6815,92848,6700
Newcastle-under-Lyme,53.02943,-2.29435,94566,6222
Newport East,51.57996,-2.85888,81901,9112
Newport West,51.56255,-3.01412,89235,8174
Newry and Armagh,54.247778,-6.601667,121105,8491
Newton Abbot,50.55824,-3.58243,91845,7097
"Normanton, Pontefract and Castleford",53.6937,-1.33595,113546,9220
North Antrim,55.121,-6.329,113109,3779
North Ayrshire and Arran,55.637,-4.915,93645,8556
North Cornwall,50.67451,-4.6532,93582,983
North Devon,51.0616,-3.9283,96110,5366
North Dorset,50.91873,-2.1454,98617,9201
North Down,54.631389,-5.68111,92168,7637
North Durham,54.86047,-1.63881,88088,2999
North East Bedfordshire,52.221,-0.574,116917,2080
North East Cambridgeshire,52.433,0.375,119770,7927
North East Derbyshire,53.23087,-1.4406,91877,5554
North East Fife,56.31644,-2.9639,83320,9786
North East Hampshire,51.25873,-1.00236,101362,2986
North East Hertfordshire,51.90891,-0.06684,100791,8000
North East Somerset,51.35631,-2.49322,94879,1929
North Herefordshire,52.15823,-2.73994,90435,7772
North Norfolk,52.83487,1.22678,87337,9282
North Shropshire,52.86589,-2.76854,109995,439
North Somerset,51.41972,-2.75109,102194,9156
North Swindon,51.62389,-1.75117,112981,264
North Thanet,51.34582,1.25161,99200,8140
North Tyneside,55.0247,-1.53977,105447,4551
North Warwickshire,52.56137,-1.621,93332,7079
North West Cambridgeshire,52.49154,-0.224,134261,6660
North West Durham,54.79397,-1.9824,94481,2157
North West Hampshire,51.25942,-1.4094,108687,4177
North West Leicestershire,52.77051,-1.4223,102126,4500
North West Norfolk,52.83349,0.49487,97885,5768
North Wiltshire,51.54389,-2.05646,94944,8462
Northampton North,52.26066,-0.87336,87890,926
Northampton South,52.24491,-0.87983,101603,2633
Norwich North,52.6531,1.30339,89565,1259
Norwich South,52.60518,1.3723,104215,2273
Nottingham East,52.97015,-1.13349,110461,8038
Nottingham North,52.98451,-1.19523,100242,1265
Nottingham South,52.93322,-1.18764,120366,4156
Nuneaton,52.52637,-1.5264,94330,6950
Ochil and South Perthshire,56.30625,-3.7331,104639,3735
Ogmore,51.57555,-3.5425,78042,9727
Old Bexley and Sidcup,51.4423,0.12279,89474,7322
Oldham East and Saddleworth,53.56419,-2.01804,106874,4121
Oldham West and Royton,53.54611,-2.13907,108193,2785
Orkney and Shetland,59.76688,-2.61588,45180,5109
Orpington,51.35215,0.07971,92348,7243
Oxford East,51.74856,-1.22297,122993,5224
Oxford West and Abingdon,51.74876,-1.307,110282,6151
Paisley and Renfrewshire North,55.88564,-4.49406,92525,3497
Paisley and Renfrewshire South,55.8064,-4.57688,85265,8109
Pendle,53.87898,-2.18936,91405,6656
Penistone and Stocksbridge,53.51229,-1.62796,89545,264
Penrith and The Border,54.77188,-2.67727,82633,2655
Perth and North Perthshire,56.96566,-4.14776,98051,4580
Peterborough,52.61742,-0.15993,124103,1321
"Plymouth, Moor View",50.41548,-4.14126,93697,1507
"Plymouth, Sutton and Devonport",50.36664,-4.13858,114622,2502
Pontypridd,51.56285,-3.34838,82250,7774
Poole,50.71938,-1.9715,98839,722
Poplar and Limehouse,51.50718,-0.03515,167368,8971
Portsmouth North,50.82803,-1.09669,99704,2477
Portsmouth South,50.78108,-1.07674,115429,9746
Preseli Pembrokeshire,51.89908,-5.07797,79178,7187
Preston,53.77209,-2.6934,96719,2646
Pudsey,53.83806,-1.70735,91694,5739
Putney,51.4527,-0.22456,99230,3818
Rayleigh and Wickford,51.6045,0.68163,101666,3380
Reading East,51.45621,-0.93655,116095,3110
Reading West,51.45091,-1.04222,104145,5337
Redcar,54.58652,-1.09309,87448,6460
Redditch,52.22479,-2.00493,90730,3672
Reigate,51.25798,-0.19826,106612,8518
Rhondda,51.65469,-3.48302,69537,1788
Ribble Valley,53.87434,-2.45836,100348,6121
Richmond (Yorks),54.35744,-1.66991,109158,4135
Richmond Park,51.4459,-0.27628,126904,823
Rochdale,53.63401,-2.12026,112732,8101
Rochester and Strood,51.42213,0.56871,113121,1031
Rochford and Southend East,51.58134,0.86165,105895,3071
Romford,51.58925,0.18488,105630,4407
Romsey and Southampton North,51.07597,-1.48594,91558,6129
"Ross, Skye and Lochaber",57.30979,-5.39144,69381,8268
Rossendale and Darwen,53.68478,-2.34423,98387,4490
Rother Valley,53.36935,-1.24589,97018,3186
Rotherham,53.42364,-1.36352,91889,4307
Rugby,52.43628,-1.32155,103354,7043
"Ruislip, Northwood and Pinner",51.59122,-0.42585,97690,3527
Runnymede and Weybridge,51.38892,-0.52115,110109,2177
Rushcliffe,52.888,-1.0748,100046,1675
Rutherglen and Hamilton West,55.79422,-4.14303,105529,515
Rutland and Melton,52.74431,-0.74967,104698,5581
Saffron Walden,51.89153,0.32031,113603,9136
Salford and Eccles,53.50116,-2.30751,119854,2844
Salisbury,51.09862,-1.81773,96983,299
Scarborough and Whitby,54.37737,-0.6836,97109,8423
Scunthorpe,53.53879,-0.57433,92198,5524
Sedgefield,54.60375,-1.52034,84523,9948
Sefton Central,53.52853,-3.00658,83401,3323
Selby and Ainsty,53.84369,-1.25539,102725,1967
Sevenoaks,51.31803,0.18055,97596,1551
Sheffield Central,53.37574,-1.46146,133660,5896
Sheffield South East,53.37024,-1.39226,94686,5517
"Sheffield, Brightside and Hillsborough",53.41393,-1.46879,112812,2768
"Sheffield, Hallam",53.37604,-1.60444,92196,3579
"Sheffield, Heeley",53.34539,-1.4514,95132,6744
Sherwood,53.12688,-1.0984,101361,6959
Shipley,53.8528,-1.82299,95797,8824
Shrewsbury and Atcham,52.66322,-2.77396,107635,7618
Sittingbourne and Sheppey,51.36352,0.78235,119331,8974
Skipton and Ripon,54.05588,-1.94624,100236,4305
Sleaford and North Hykeham,53.06468,-0.4971,118604,6277
Slough,51.51459,-0.59318,142556,3996
Solihull,52.42355,-1.80941,102349,4635
Somerton and Frome,51.13244,-2.61459,107727,9005
South Antrim,54.721,-6.241,104383,5993
South Basildon and East Thurrock,51.5355,0.48,101390,3922
South Cambridgeshire,52.1675,0.0126,116766,5191
South Derbyshire,52.82235,-1.5343,104493,549
South Dorset,50.63702,-2.2132,93732,8500
South Down,54.244167,-5.950833,114239,5756
South East Cambridgeshire,52.238,0.2548,121054,8059
South East Cornwall,50.4433,-4.4847,90314,9392
South Holland and The Deepings,52.81225,-0.04684,108114,6633
South Leicestershire,52.50975,-1.19926,106924,378
South Norfolk,52.51695,1.35144,109795,8901
South Northamptonshire,52.11347,-1.01869,118875,1997
South Ribble,53.68609,-2.87025,99551,7613
South Shields,54.97413,-1.40694,83796,8422
South Staffordshire,52.57913,-2.15461,97406,1992
South Suffolk,52.06354,0.91475,95518,3446
South Swindon,51.53303,-1.73398,109015,5286
South Thanet,51.31299,1.32227,101569,9631
South West Bedfordshire,51.958,-0.491,112961,312
South West Devon,50.3887,-4.0017,90019,886
South West Hertfordshire,51.72887,-0.56214,110640,9157
South West Norfolk,52.551,0.62519,109360,417
South West Surrey,51.15827,-0.6868,106770,9233
South West Wiltshire,51.14207,-2.1293,103296,9414
"Southampton, Itchen",50.90474,-1.37043,110362,6968
"Southampton, Test",50.92387,-1.427,112676,6909
Southend West,51.55123,0.66684,92792,2221
Southport,53.64473,-3.01749,92356,114
Spelthorne,51.42499,-0.46199,99334,4376
St Albans,51.73383,-0.34584,103181,8053
St Austell and Newquay,50.34917,-4.88467,107530,9565
St Helens North,53.48292,-2.70089,99320,6689
St Helens South and Whiston,53.42599,-2.74093,103046,3859
St Ives,50.04254,-5.73722,87315,40
Stafford,52.76363,-2.13439,98827,7097
Staffordshire Moorlands,53.09439,-2.0068,78744,8485
Stalybridge and Hyde,53.47868,-2.0314,94678,8631
Stevenage,51.88168,-0.19677,98203,103
Stirling,56.25216,-4.32619,94330,1507
Stockport,53.41088,-2.16809,89269,3163
Stockton North,54.57997,-1.3031,92832,2382
Stockton South,54.52653,-1.33536,104381,5325
Stoke-on-Trent Central,53.02307,-2.16022,86669,2249
Stoke-on-Trent North,53.0648,-2.2044,99615,4987
Stoke-on-Trent South,52.97728,-2.14588,89881,7353
Stone,52.87221,-2.18703,86018,3840
Stourbridge,52.45647,-2.12348,90444,1673
Strangford,54.484,-5.618,92461,4890
Stratford-on-Avon,52.16174,-1.71169,93810,2781
Streatham,51.4365,-0.12784,124358,7470
Stretford and Urmston,53.44497,-2.35337,101246,4319
Stroud,51.74583,-2.30475,105686,591
Suffolk Coastal,52.18622,1.4489,103243,8044
Sunderland Central,54.9009,-1.39372,101695,5677
Surrey Heath,51.30684,-0.66198,109011,2096
Sutton and Cheam,51.36018,-0.20947,101980,6283
Sutton Coldfield,52.55911,-1.81026,94395,4110
Swansea East,51.65006,-3.92312,83534,4814
Swansea West,51.61934,-3.989,83428,6649
Tamworth,52.65849,-1.75114,95529,6073
Tatton,53.27974,-2.3952,85968,9915
Taunton Deane,51.00473,-3.14983,118979,2135
Telford,52.66734,-2.45597,97503,9085
Tewkesbury,51.93494,-2.03657,108340,4292
The Cotswolds,51.845,-2.0103,102355,7213
The Wrekin,52.71709,-2.45014,96325,6355
Thirsk and Malton,54.19844,-0.85282,101767,4918
Thornbury and Yate,51.55242,-2.45283,87378,5916
Thurrock,51.4944,0.30629,129896,1701
Tiverton and Honiton,50.85888,-3.25775,103139,9760
Tonbridge and Malling,51.24183,0.24415,106769,9952
Tooting,51.43855,-0.16429,109595,7929
Torbay,50.44996,-3.5239,100345,9020
Torfaen,51.70145,-3.05626,83145,5952
Torridge and West Devon,50.8159,-4.2752,101844,2339
Totnes,50.37202,-3.69191,86418,1859
Tottenham,51.58696,-0.07702,142008,6461
Truro and Falmouth,50.26483,-5.05133,96491,1378
Tunbridge Wells,51.10252,0.37811,107957,7021
Twickenham,51.42842,-0.34807,118178,7071
Tynemouth,55.03695,-1.48129,100538,6293
Upper Bann,54.421667,-6.396111,128894,7317
Uxbridge and South Ruislip,51.54303,-0.43659,111453,3387
Vale of Clwyd,53.23511,-3.40575,72146,2190
Vale of Glamorgan,51.44708,-3.42226,102352,8655
Vauxhall,51.48459,-0.12528,123808,6250
Wakefield,53.64977,-1.54161,100438,5601
Wallasey,53.41595,-3.08043,90194,1922
Walsall North,52.60539,-2.02241,100050,1940
Walsall South,52.57357,-1.97762,105852,4086
Walthamstow,51.58984,0.00974,118891,511
Wansbeck,55.16575,-1.62992,82768,9033
Wantage,51.6158,-1.40715,120402,2058
Warley,52.48674,-1.9883,98834,8418
Warrington North,53.43234,-2.5656,96930,9014
Warrington South,53.36925,-2.56156,112617,6003
Warwick and Leamington,52.26468,-1.5836,101894,4560
Washington and Sunderland West,54.90342,-1.48783,87801,3014
Watford,51.66614,-0.41472,122561,5967
Waveney,52.44836,1.55751,105282,3605
Wealden,50.98858,0.18087,109367,5172
Weaver Vale,53.27567,-2.63242,90205,5943
Wellingborough,52.27797,-0.6535,113822,525
Wells,51.21417,-2.78266,107468,473
Welwyn Hatfield,51.78151,-0.18484,117380,7635
Wentworth and Dearne,53.49117,-1.34714,99150,3403
West Aberdeenshire and Kincardine,57.25,-3.29,97041,200
West Bromwich East,52.53553,-1.97396,93802,7367
West Bromwich West,52.53026,-2.03811,96226,5452
West Dorset,50.7951,-2.6115,98748,9585
West Dunbartonshire,55.98668,-4.5176,89130,4146
West Ham,51.53034,0.01352,188275,6702
West Lancashire,53.56625,-2.868,97655,1705
West Suffolk,52.25816,0.65373,120899,5624
West Tyrone,54.522,-7.5,93531,849
West Worcestershire,52.16754,-2.28832,96281,6624
Westminster North,51.52483,-0.18162,134137,3565
Westmorland and Lonsdale,54.27266,-2.73849,84941,3831
Weston-super-Mare,51.34591,-2.90124,111725,9383
Wigan,53.5688,-2.63941,104850,671
Wimbledon,51.41538,-0.216,99774,5873
Winchester,51.08074,-1.2643,102030,3375
Windsor,51.43471,-0.64601,106412,4853
Wirral South,53.3275,-3.04129,73195,1042
Wirral West,53.38374,-3.16364,69634,251
Witham,51.80262,0.71225,92372,6657
Witney,51.84035,-1.50282,109800,3431
Woking,51.29242,-0.58656,108034,4423
Wokingham,51.40866,-0.98176,111426,4300
Wolverhampton North East,52.61132,-2.10878,91732,1399
Wolverhampton South East,52.56226,-2.09685,94358,9579
Wolverhampton South West,52.58505,-2.16364,88339,7190
Worcester,52.23072,-2.23149,101891,1689
Workington,54.78005,-3.30054,79650,8242
Worsley and Eccles South,53.47907,-2.40959,103706,6189
Worthing West,50.83061,-0.44112,99512,6110
Wrexham,53.07615,-2.9516,71222,9416
Wycombe,51.60481,-0.81221,111309,2607
Wyre and Preston North,53.85924,-2.80904,90213,4318
Wyre Forest,52.38508,-2.27786,101062,8382
Wythenshawe and Sale East,53.38926,-2.29123,108227,384
Yeovil,50.9302,-2.83836,111511,5245
Ynys Mon,53.28102,-4.35788,69961,9692
York Central,53.95419,-1.08943,113152,2785
York Outer,53.96573,-1.07174,96741,1446